word,association
parachute	,1
horrified	,1
hopeless	,1
validity	,1
pare	,1
alertness	,1
assail	,1
cloudiness	,1
avoiding	,1
toothache	,1
perjury	,1
fang	,1
riot	,1
conspire	,1
sarcoma	,1
beast	,1
pinion	,1
suppress	,1
crouching	,1
tempest	,1
obliterate	,1
atherosclerosis	,1
procedure	,1
abandoned	,1
malaria	,1
dangerous	,1
cyst	,1
shot	,1
terrorist	,1
flog	,1
missile	,1
scare	,1
hospital	,1
slam	,1
aggressor	,1
indoctrination	,1
sweat	,1
cliff	,1
powerfully	,1
mutiny	,1
confine	,1
confidence	,1
shank	,1
failure	,1
pestilence	,1
romance	,1
blindfold	,1
mug	,1
starvation	,1
mad	,1
intrigue	,1
horrors	,1
angina	,1
military	,1
mortuary	,1
despair	,1
crucifixion	,1
oppressor	,1
broke	,1
timidity	,1
urgent	,1
irreconcilable	,1
hurtful	,1
sprite	,1
ravenous	,1
unequal	,1
manslaughter	,1
unsteady	,1
spur	,1
hooded	,1
executioner	,1
nether	,1
retrenchment	,1
afraid	,1
foe	,1
squall	,1
coercion	,1
remains	,1
violent	,1
eruption	,1
strangle	,1
claw	,1
scoundrel	,1
encroachment	,1
soulmate	,1
unkind	,1
ransom	,1
bier	,1
spike	,1
wrongly	,1
mangle	,1
crushing	,1
bait	,1
adjudicate	,1
horrifying	,1
grievous	,1
assault	,1
ghastly	,1
inequality	,1
damnation	,1
odious	,1
concerned	,1
defendant	,1
cruel	,1
avoid	,1
bee	,1
repulsion	,1
fire	,1
vehement	,1
confession	,1
slavery	,1
dismay	,1
suspicion	,1
jealousy	,1
oblivion	,1
pessimism	,1
intolerance	,1
mysterious	,1
confusion	,1
change	,1
derogatory	,1
indefensible	,1
abyss	,1
doomed	,1
banished	,1
homicide	,1
cataract	,1
desert	,1
expose	,1
vengeful	,1
shame	,1
perishing	,1
intolerant	,1
devastate	,1
bewildered	,1
swamp	,1
atrophy	,1
hanging	,1
insurmountable	,1
incest	,1
campaigning	,1
sympathetic	,1
dreadful	,1
belittle	,1
teasing	,1
frighten	,1
hatred	,1
opposed	,1
thundering	,1
opponent	,1
grenade	,1
spasm	,1
purge	,1
fortress	,1
badness	,1
anarchism	,1
battlefield	,1
slayer	,1
sultan	,1
loyal	,1
explosive	,1
alcoholism	,1
combatant	,1
insolvent	,1
sinner	,1
outcry	,1
battled	,1
sepsis	,1
shady	,1
kidnap	,1
intrusion	,1
vanished	,1
expel	,1
musket	,1
cannon	,1
attorney	,1
insidious	,1
violence	,1
government	,1
curse	,1
decay	,1
disfigured	,1
yell	,1
plunder	,1
insulting	,1
banshee	,1
villainous	,1
wicked	,1
grounded	,1
masochism	,1
loom	,1
disable	,1
violently	,1
revolting	,1
shell	,1
chasm	,1
uncanny	,1
deportation	,1
resection	,1
hideous	,1
virulence	,1
birch	,1
bayonet	,1
conquest	,1
malignant	,1
coerce	,1
vulnerability	,1
withstand	,1
unnatural	,1
neuralgia	,1
militia	,1
prevent	,1
thorny	,1
aggression	,1
infliction	,1
growl	,1
combative	,1
hydrocephalus	,1
risky	,1
incite	,1
cross	,1
indict	,1
collapse	,1
chaff	,1
abduction	,1
frenetic	,1
criminal	,1
fearless	,1
illegal	,1
horror	,1
endangered	,1
terror	,1
violation	,1
cane	,1
wince	,1
orc	,1
slaughtering	,1
shoot	,1
harm	,1
forcibly	,1
anomaly	,1
annihilated	,1
arraignment	,1
bewilderment	,1
homeless	,1
plunge	,1
towering	,1
atrocity	,1
infidel	,1
absence	,1
acrobat	,1
hysteria	,1
drown	,1
martyrdom	,1
heathen	,1
cripple	,1
attacking	,1
impermeable	,1
theocratic	,1
retribution	,1
goblin	,1
weight	,1
antisocial	,1
adversity	,1
immerse	,1
straits	,1
defiance	,1
oppression	,1
intrusive	,1
awful	,1
resistant	,1
prowl	,1
explosion	,1
ruthless	,1
neurotic	,1
exile	,1
cautiously	,1
duel	,1
darkness	,1
intimidation	,1
hostile	,1
verdict	,1
carcinoma	,1
toughness	,1
coldness	,1
disinformation	,1
lose	,1
cemetery	,1
risk	,1
revenge	,1
gallows	,1
fatality	,1
advance	,1
madden	,1
concealment	,1
woe	,1
contagious	,1
abomination	,1
mishap	,1
elf	,1
spear	,1
constraint	,1
repent	,1
crazed	,1
sufferer	,1
maniac	,1
haunted	,1
posse	,1
broken	,1
cancer	,1
flu	,1
stab	,1
rifle	,1
felon	,1
deluge	,1
interrogation	,1
consternation	,1
swerve	,1
fainting	,1
evade	,1
evasion	,1
obligor	,1
libel	,1
freakish	,1
enmity	,1
shooting	,1
force	,1
frigate	,1
punish	,1
catastrophe	,1
case	,1
hate	,1
giant	,1
apache	,1
destroyed	,1
conflict	,1
punch	,1
chaos	,1
revoke	,1
apprehension	,1
depraved	,1
robber	,1
opium	,1
yelp	,1
uphill	,1
descent	,1
assassin	,1
fluctuation	,1
cyanide	,1
accidental	,1
growling	,1
bane	,1
menace	,1
arsenic	,1
destitute	,1
suicidal	,1
wreck	,1
projectile	,1
holocaust	,1
ravine	,1
fearing	,1
disembodied	,1
foul	,1
quandary	,1
depressed	,1
compassion	,1
forgotten	,1
stalk	,1
tribunal	,1
sorrow	,1
merciless	,1
dastardly	,1
melee	,1
scar	,1
apparition	,1
scarce	,1
resisting	,1
darkened	,1
dike	,1
glare	,1
infant	,1
discrimination	,1
afflict	,1
irrational	,1
rascal	,1
poisoned	,1
fiend	,1
desecration	,1
aghast	,1
policeman	,1
crash	,1
manifestation	,1
picket	,1
samurai	,1
wildfire	,1
accusing	,1
cutthroat	,1
blemish	,1
cruelly	,1
cowardice	,1
embarrassment	,1
screech	,1
rampage	,1
whimper	,1
pained	,1
threat	,1
warlike	,1
persecute	,1
haze	,1
infection	,1
sortie	,1
senseless	,1
disastrous	,1
bale	,1
harbinger	,1
terrible	,1
stifled	,1
anthrax	,1
demonic	,1
blast	,1
bondage	,1
morbidity	,1
deranged	,1
indomitable	,1
vigilant	,1
bully	,1
armor	,1
omnipotence	,1
stunned	,1
remove	,1
impeach	,1
crypt	,1
deceit	,1
taboo	,1
cutter	,1
horrible	,1
reckless	,1
earthquake	,1
disgust	,1
defection	,1
kill	,1
failing	,1
jarring	,1
swastika	,1
savage	,1
rating	,1
hateful	,1
helmet	,1
nervous	,1
casualty	,1
unruly	,1
rebel	,1
revulsion	,1
terrorism	,1
gulp	,1
fragile	,1
biopsy	,1
fraught	,1
disabled	,1
fugitive	,1
cult	,1
infanticide	,1
police	,1
eel	,1
madness	,1
instinctive	,1
endemic	,1
sacrifices	,1
undesirable	,1
jail	,1
bottomless	,1
graduation	,1
servile	,1
suspense	,1
howl	,1
talons	,1
rabble	,1
beastly	,1
expulsion	,1
perverse	,1
evacuate	,1
grim	,1
interrogate	,1
unsettled	,1
tremor	,1
manipulation	,1
anarchist	,1
blockade	,1
battered	,1
demoralized	,1
bomber	,1
bloodshed	,1
conspiracy	,1
halting	,1
siren	,1
intruder	,1
cabal	,1
swampy	,1
smuggler	,1
hunter	,1
repression	,1
quivering	,1
brutality	,1
reject	,1
problem	,1
fury	,1
ferocious	,1
rape	,1
ghetto	,1
treacherous	,1
hazardous	,1
barbarian	,1
shaking	,1
dominate	,1
cautious	,1
scream	,1
overthrow	,1
harmful	,1
incrimination	,1
demise	,1
mutilation	,1
plummet	,1
penal	,1
infamous	,1
overpowering	,1
dentistry	,1
threatening	,1
sag	,1
armaments	,1
exclusion	,1
difficulty	,1
armament	,1
contentious	,1
detainee	,1
knell	,1
tragedy	,1
gash	,1
ulcer	,1
endanger	,1
sin	,1
hiss	,1
subordinate	,1
endless	,1
seizure	,1
punitive	,1
disintegrate	,1
bug	,1
bad	,1
sickening	,1
vampire	,1
coward	,1
guerilla	,1
buck	,1
taunt	,1
blackness	,1
excite	,1
defamation	,1
pessimist	,1
seriousness	,1
serpent	,1
scrapie	,1
probation	,1
buzz	,1
revolver	,1
relapse	,1
destroying	,1
mournful	,1
steal	,1
raving	,1
bomb	,1
startle	,1
psychosis	,1
cash	,1
tribulation	,1
hurricane	,1
sentence	,1
dispossessed	,1
discontinuity	,1
autopsy	,1
fangs	,1
dreadfully	,1
mafia	,1
frightened	,1
pernicious	,1
lawsuit	,1
dying	,1
helpless	,1
scalpel	,1
sneaking	,1
alarm	,1
defy	,1
turmoil	,1
upheaval	,1
turbulent	,1
unjustifiable	,1
stretcher	,1
frantic	,1
snare	,1
opera	,1
blackmail	,1
subversion	,1
mighty	,1
lines	,1
poverty	,1
lion	,1
slaughterhouse	,1
enigmatic	,1
hangman	,1
turbulence	,1
rat	,1
confined	,1
gasping	,1
elimination	,1
dementia	,1
suspension	,1
rebellion	,1
torture	,1
scarcity	,1
bigoted	,1
domination	,1
ogre	,1
hemorrhage	,1
shackle	,1
burke	,1
uncertain	,1
obey	,1
tramp	,1
outsider	,1
examination	,1
prick	,1
dislocated	,1
moan	,1
apprehensive	,1
sickness	,1
nightmare	,1
bear	,1
daemon	,1
burdensome	,1
injury	,1
horrific	,1
havoc	,1
rekindle	,1
lonely	,1
dagger	,1
unbridled	,1
carnivorous	,1
panic	,1
iris	,1
annihilation	,1
grope	,1
delusion	,1
warning	,1
polio	,1
destination	,1
exigent	,1
poisonous	,1
bestial	,1
scapegoat	,1
surprise	,1
bunker	,1
stealing	,1
shatter	,1
treat	,1
infarct	,1
repellant	,1
aga	,1
barbaric	,1
bleeding	,1
terrorize	,1
brigade	,1
chicken	,1
hurt	,1
burial	,1
cautionary	,1
lightning	,1
alarming	,1
ruin	,1
watch	,1
molestation	,1
avoidance	,1
xenophobia	,1
scandal	,1
snake	,1
speculation	,1
sneak	,1
surveillance	,1
embolism	,1
delay	,1
pneumonia	,1
heighten	,1
tactics	,1
unhealthy	,1
smash	,1
adverse	,1
edict	,1
pray	,1
plea	,1
mace	,1
standoff	,1
surgery	,1
precarious	,1
vermin	,1
bitch	,1
forewarned	,1
tyrant	,1
flood	,1
bearish	,1
distressing	,1
volatility	,1
behemoth	,1
affront	,1
falter	,1
arson	,1
contempt	,1
leukemia	,1
quash	,1
warned	,1
incursion	,1
confinement	,1
murderous	,1
rejects	,1
prognosis	,1
defenseless	,1
powerful	,1
firearms	,1
convict	,1
uprising	,1
monstrosity	,1
highest	,1
discipline	,1
weirdo	,1
crusade	,1
impotence	,1
torment	,1
stroke	,1
grieve	,1
depreciation	,1
emergency	,1
lifeless	,1
execution	,1
projectiles	,1
anathema	,1
banish	,1
hell	,1
carnage	,1
scaffold	,1
dishonor	,1
punishing	,1
intense	,1
obliteration	,1
powerless	,1
hearse	,1
jungle	,1
harshness	,1
litigate	,1
mistaken	,1
downfall	,1
rob	,1
deserted	,1
devastation	,1
barricade	,1
waver	,1
admonition	,1
insane	,1
contraband	,1
gent	,1
incubus	,1
disreputable	,1
gore	,1
lunatic	,1
bang	,1
troll	,1
dissident	,1
restrain	,1
poaching	,1
toxin	,1
assassinate	,1
contaminated	,1
retirement	,1
hag	,1
detonate	,1
murderer	,1
censor	,1
hiding	,1
leeches	,1
infectious	,1
retaliation	,1
venomous	,1
smuggle	,1
radiation	,1
paranoia	,1
encumbrance	,1
recession	,1
rule	,1
trickery	,1
spinster	,1
deport	,1
agonizing	,1
slaughter	,1
abandon	,1
alien	,1
stillness	,1
intercede	,1
imprisoned	,1
radioactive	,1
marry	,1
rod	,1
avalanche	,1
punishment	,1
mortgage	,1
hardened	,1
wrangling	,1
grizzly	,1
shaky	,1
languishing	,1
birth	,1
dubious	,1
mob	,1
reluctant	,1
obi	,1
destroyer	,1
gnome	,1
razor	,1
fierce	,1
hazard	,1
predicament	,1
defense	,1
stingy	,1
despotic	,1
diabolical	,1
suicide	,1
devil	,1
foreigner	,1
feeling	,1
traumatic	,1
laxative	,1
ugliness	,1
shipwreck	,1
mislead	,1
debacle	,1
thumping	,1
ailing	,1
missing	,1
captive	,1
lava	,1
bugaboo	,1
unholy	,1
dinosaur	,1
prison	,1
disgusting	,1
hellish	,1
spider	,1
oppressive	,1
mortgagor	,1
shortage	,1
reticent	,1
formidable	,1
supremacy	,1
perturbation	,1
fearful	,1
weakly	,1
wimpy	,1
deleterious	,1
hopelessness	,1
rattlesnake	,1
socialism	,1
asp	,1
grave	,1
killing	,1
duress	,1
ware	,1
phantom	,1
frenzied	,1
sordid	,1
immigrant	,1
insecurity	,1
cadaver	,1
aggressive	,1
ill	,1
sectarian	,1
travesty	,1
dictator	,1
pain	,1
challenge	,1
savagery	,1
flee	,1
coy	,1
syringe	,1
unrest	,1
indictment	,1
eradication	,1
unspeakable	,1
burglar	,1
invader	,1
timid	,1
wimp	,1
wrath	,1
elevation	,1
inhuman	,1
discontent	,1
bigot	,1
blues	,1
disrespectful	,1
tumult	,1
aversion	,1
thresh	,1
doubt	,1
hesitation	,1
precipice	,1
bailiff	,1
cobra	,1
despotism	,1
attack	,1
incarceration	,1
pest	,1
rabid	,1
theft	,1
penalty	,1
captor	,1
enforce	,1
malevolent	,1
notoriety	,1
confessional	,1
punished	,1
deformity	,1
suffering	,1
dissolution	,1
warn	,1
dismissal	,1
collusion	,1
murder	,1
cutting	,1
perish	,1
entangled	,1
hostilities	,1
skid	,1
diseased	,1
locust	,1
nasty	,1
prosecute	,1
paralysis	,1
assailant	,1
hurting	,1
unemployed	,1
appalling	,1
accused	,1
illegitimate	,1
displeased	,1
wail	,1
fatal	,1
eviction	,1
specter	,1
holiness	,1
cracked	,1
disapprove	,1
shooter	,1
nurture	,1
hawk	,1
condemnation	,1
veer	,1
auditor	,1
anarchy	,1
heft	,1
adrift	,1
peril	,1
darken	,1
radon	,1
lace	,1
loss	,1
abuse	,1
premeditated	,1
massacre	,1
decomposition	,1
poison	,1
suffocation	,1
dread	,1
dismemberment	,1
delusional	,1
ruined	,1
desolation	,1
ghost	,1
imminent	,1
doomsday	,1
fever	,1
jeopardize	,1
bloodthirsty	,1
displaced	,1
intimidate	,1
sinful	,1
leprosy	,1
aftermath	,1
offender	,1
brute	,1
mum	,1
inferno	,1
restriction	,1
mandamus	,1
worse	,1
raid	,1
gang	,1
banger	,1
averse	,1
raging	,1
bloody	,1
trembling	,1
hunting	,1
impending	,1
depress	,1
degrading	,1
fright	,1
halter	,1
verge	,1
illicit	,1
prisoner	,1
misfortune	,1
mortality	,1
isolated	,1
illegality	,1
quake	,1
shrapnel	,1
possessed	,1
armored	,1
apprehend	,1
exorcism	,1
offense	,1
lawlessness	,1
syncope	,1
disruption	,1
bombard	,1
thug	,1
injurious	,1
malice	,1
thief	,1
homework	,1
rigor	,1
incurable	,1
unlawful	,1
divorce	,1
endocarditis	,1
shrink	,1
tumour	,1
jaundice	,1
distressed	,1
coffin	,1
honest	,1
courageous	,1
refutation	,1
belligerent	,1
crouch	,1
defend	,1
cartridge	,1
emaciated	,1
unfriendly	,1
immoral	,1
combat	,1
explode	,1
derogation	,1
schizophrenia	,1
prey	,1
tyranny	,1
deteriorate	,1
exterminate	,1
outcast	,1
ruinous	,1
imprisonment	,1
ineptitude	,1
coyote	,1
landslide	,1
measles	,1
fearfully	,1
penetration	,1
demented	,1
guard	,1
lynch	,1
idolatry	,1
thrill	,1
abominable	,1
bankruptcy	,1
loneliness	,1
ambush	,1
fanaticism	,1
outburst	,1
incase	,1
tornado	,1
victimized	,1
dungeon	,1
discourage	,1
spank	,1
demon	,1
volunteer	,1
infidelity	,1
tumor	,1
infirmity	,1
obliging	,1
asylum	,1
squeamish	,1
injection	,1
torrent	,1
slave	,1
batter	,1
misconception	,1
wasting	,1
disappear	,1
witch	,1
creature	,1
sting	,1
gun	,1
excitation	,1
devilish	,1
volcano	,1
dashed	,1
stigma	,1
malignancy	,1
warrior	,1
pillage	,1
tyrannical	,1
concealed	,1
wan	,1
dart	,1
scold	,1
unsafe	,1
beating	,1
owing	,1
rubble	,1
jaws	,1
superstitious	,1
tearful	,1
scarecrow	,1
horrid	,1
raptors	,1
haunt	,1
sly	,1
bombardment	,1
corrosive	,1
obstacle	,1
inmate	,1
whirlpool	,1
jeopardy	,1
smut	,1
irreparable	,1
miscarriage	,1
gunpowder	,1
guillotine	,1
orphan	,1
vulture	,1
abhorrent	,1
eventuality	,1
artillery	,1
intelligence	,1
shanghai	,1
animosity	,1
euthanasia	,1
medical	,1
traitor	,1
distress	,1
noxious	,1
varicella	,1
whirlwind	,1
casket	,1
gladiator	,1
clashing	,1
doom	,1
obstruct	,1
excruciating	,1
rheumatism	,1
grisly	,1
hysterical	,1
hypertrophy	,1
senile	,1
riotous	,1
witchcraft	,1
unsurpassed	,1
foreclose	,1
cove	,1
disease	,1
devastating	,1
wrecked	,1
buried	,1
distrust	,1
constrain	,1
conspirator	,1
kerosene	,1
parasite	,1
swelling	,1
communism	,1
shudder	,1
seclusion	,1
lament	,1
stint	,1
cleave	,1
journey	,1
extrajudicial	,1
ethereal	,1
war	,1
socialist	,1
throb	,1
escaped	,1
struggle	,1
cholera	,1
rupture	,1
dismal	,1
surrender	,1
ambulance	,1
criticize	,1
insanity	,1
accuser	,1
forced	,1
difficult	,1
erase	,1
appendicitis	,1
tumultuous	,1
injured	,1
muzzle	,1
sunk	,1
homicidal	,1
hood	,1
sinister	,1
alienation	,1
tract	,1
nefarious	,1
despairing	,1
deadly	,1
subvert	,1
puma	,1
blight	,1
worship	,1
cringe	,1
unthinkable	,1
mage	,1
deprivation	,1
quail	,1
stealthy	,1
bacteria	,1
sabotage	,1
vendetta	,1
thrash	,1
cop	,1
madman	,1
persecution	,1
wound	,1
obliterated	,1
cannibal	,1
purgatory	,1
depreciated	,1
venom	,1
forbidding	,1
butcher	,1
shriek	,1
perdition	,1
abortion	,1
lawyer	,1
deterioration	,1
extermination	,1
invade	,1
danger	,1
wilderness	,1
disaster	,1
die	,1
court	,1
warfare	,1
swim	,1
alerts	,1
undecided	,1
bankrupt	,1
smite	,1
harrowing	,1
perpetrator	,1
spook	,1
lethal	,1
mortification	,1
dominion	,1
viper	,1
illness	,1
uneasy	,1
belt	,1
nervousness	,1
flinch	,1
noncompliance	,1
unstable	,1
disallowed	,1
recklessness	,1
forfeiture	,1
diagnosis	,1
hostage	,1
instability	,1
brawl	,1
disorder	,1
infestation	,1
treachery	,1
soulless	,1
gory	,1
insecure	,1
dependence	,1
cyclone	,1
phalanx	,1
flounder	,1
screaming	,1
plague	,1
quiver	,1
saber	,1
malicious	,1
injure	,1
recesses	,1
prohibited	,1
crazy	,1
regulatory	,1
quarantine	,1
trepidation	,1
denunciation	,1
stripped	,1
terminal	,1
villain	,1
escape	,1
menacing	,1
armed	,1
dragon	,1
unexpected	,1
morgue	,1
painful	,1
agony	,1
suffocating	,1
assassination	,1
rot	,1
chimera	,1
reprisal	,1
ordnance	,1
dictatorship	,1
interviewer	,1
gonorrhea	,1
busted	,1
misery	,1
lockup	,1
youth	,1
threaten	,1
shiver	,1
worry	,1
evil	,1
bacterium	,1
fear	,1
warden	,1
stormy	,1
palsy	,1
urgency	,1
affliction	,1
crushed	,1
cruelty	,1
enemy	,1
anguish	,1
abhor	,1
accident	,1
default	,1
scourge	,1
frightful	,1
operation	,1
death	,1
criminality	,1
lunacy	,1
counsellor	,1
regiment	,1
ultimatum	,1
cur	,1
accursed	,1
enslaved	,1
unlucky	,1
fled	,1
debauchery	,1
vertigo	,1
hide	,1
adder	,1
robbery	,1
cupping	,1
pitfall	,1
mange	,1
khan	,1
subjugation	,1
possession	,1
inflict	,1
foreboding	,1
anxiety	,1
revolution	,1
legalized	,1
mistrust	,1
inflation	,1
shock	,1
flying	,1
hearing	,1
annihilate	,1
sorcery	,1
brutal	,1
helplessness	,1
antichrist	,1
neurosis	,1
carcass	,1
crocodile	,1
settlor	,1
weighty	,1
beware	,1
occult	,1
monster	,1
treason	,1
superstition	,1
dominant	,1
unknown	,1
victim	,1
disturbance	,1
penance	,1
plight	,1
cowardly	,1
troublesome	,1
lash	,1
abandonment	,1
scorpion	,1
fret	,1
astray	,1
mercenary	,1
typhoon	,1
overt	,1
intimately	,1
oppress	,1
perilous	,1
blob	,1
restrained	,1
indifference	,1
newcomer	,1
cursed	,1
shrill	,1
anxious	,1
fight	,1
deplorable	,1
deflation	,1
rejection	,1
warlock	,1
corrupting	,1
suspect	,1
god	,1
incendiary	,1
martyr	,1
cardiomyopathy	,1
austere	,1
prejudiced	,1
pandemic	,1
dwarfed	,1
insolvency	,1
contagion	,1
retard	,1
worrying	,1
hydra	,1
anaconda	,1
resign	,1
destructive	,1
seize	,1
wary	,1
comatose	,1
chargeable	,1
stranger	,1
repellent	,1
epidemic	,1
parade	,1
omen	,1
conflagration	,1
suppression	,1
thirteenth	,1
caution	,1
react	,1
usurped	,1
brimstone	,1
hallucination	,1
dire	,1
synonymous	,1
outpost	,1
exacerbation	,1
ghostly	,1
ominous	,1
coma	,1
